<?xml version="1.0" encoding="UTF-8" ?>
<!DOCTYPE mapper PUBLIC "-//mybatis.org//DTD Mapper 3.0//EN" "http://mybatis.org/dtd/mybatis-3-mapper.dtd" >
<mapper namespace="com.rabbit.smart.dao.mapper.FrmCodeMapper" >
  <resultMap id="BaseResultMap" type="com.rabbit.smart.dao.entity.FrmCode" >
    <!--
      WARNING - @mbggenerated
      This element is automatically generated by MyBatis Generator, do not modify.
    -->
    <id column="XTLB" property="xtlb" jdbcType="CHAR" />
    <id column="DMLB" property="dmlb" jdbcType="VARCHAR" />
    <id column="DMZ" property="dmz" jdbcType="VARCHAR" />
    <result column="DMSM1" property="dmsm1" jdbcType="VARCHAR" />
    <result column="DMSM2" property="dmsm2" jdbcType="VARCHAR" />
    <result column="DMSM3" property="dmsm3" jdbcType="VARCHAR" />
    <result column="DMSM4" property="dmsm4" jdbcType="VARCHAR" />
    <result column="DMSX" property="dmsx" jdbcType="CHAR" />
    <result column="SXH" property="sxh" jdbcType="DECIMAL" />
    <result column="YWDX" property="ywdx" jdbcType="VARCHAR" />
    <result column="ZT" property="zt" jdbcType="CHAR" />
    <result column="LBSM" property="lbsm" jdbcType="VARCHAR" />
  </resultMap>
  <sql id="Example_Where_Clause" >
    <!--
      WARNING - @mbggenerated
      This element is automatically generated by MyBatis Generator, do not modify.
    -->
    <where >
      <foreach collection="oredCriteria" item="criteria" separator="or" >
        <if test="criteria.valid" >
          <trim prefix="(" suffix=")" prefixOverrides="and" >
            <foreach collection="criteria.criteria" item="criterion" >
              <choose >
                <when test="criterion.noValue" >
                  and ${criterion.condition}
                </when>
                <when test="criterion.singleValue" >
                  and ${criterion.condition} #{criterion.value}
                </when>
                <when test="criterion.betweenValue" >
                  and ${criterion.condition} #{criterion.value} and #{criterion.secondValue}
                </when>
                <when test="criterion.listValue" >
                  and ${criterion.condition}
                  <foreach collection="criterion.value" item="listItem" open="(" close=")" separator="," >
                    #{listItem}
                  </foreach>
                </when>
              </choose>
            </foreach>
          </trim>
        </if>
      </foreach>
    </where>
  </sql>
  <sql id="Update_By_Example_Where_Clause" >
    <!--
      WARNING - @mbggenerated
      This element is automatically generated by MyBatis Generator, do not modify.
    -->
    <where >
      <foreach collection="example.oredCriteria" item="criteria" separator="or" >
        <if test="criteria.valid" >
          <trim prefix="(" suffix=")" prefixOverrides="and" >
            <foreach collection="criteria.criteria" item="criterion" >
              <choose >
                <when test="criterion.noValue" >
                  and ${criterion.condition}
                </when>
                <when test="criterion.singleValue" >
                  and ${criterion.condition} #{criterion.value}
                </when>
                <when test="criterion.betweenValue" >
                  and ${criterion.condition} #{criterion.value} and #{criterion.secondValue}
                </when>
                <when test="criterion.listValue" >
                  and ${criterion.condition}
                  <foreach collection="criterion.value" item="listItem" open="(" close=")" separator="," >
                    #{listItem}
                  </foreach>
                </when>
              </choose>
            </foreach>
          </trim>
        </if>
      </foreach>
    </where>
  </sql>
  <sql id="Base_Column_List" >
    <!--
      WARNING - @mbggenerated
      This element is automatically generated by MyBatis Generator, do not modify.
    -->
    XTLB, DMLB, DMZ, DMSM1, DMSM2, DMSM3, DMSM4, DMSX, SXH, YWDX, ZT, LBSM
  </sql>
  <select id="selectByExample" resultMap="BaseResultMap" parameterType="com.rabbit.smart.dao.entity.FrmCodeExample" >
    <!--
      WARNING - @mbggenerated
      This element is automatically generated by MyBatis Generator, do not modify.
    -->
    select
    <if test="distinct" >
      distinct
    </if>
    <include refid="Base_Column_List" />
    from WWJCPT.FRM_CODE
    <if test="_parameter != null" >
      <include refid="Example_Where_Clause" />
    </if>
    <if test="orderByClause != null" >
      order by ${orderByClause}
    </if>
  </select>
  <select id="selectByPrimaryKey" resultMap="BaseResultMap" parameterType="com.rabbit.smart.dao.entity.FrmCodeKey" >
    <!--
      WARNING - @mbggenerated
      This element is automatically generated by MyBatis Generator, do not modify.
    -->
    select 
    <include refid="Base_Column_List" />
    from WWJCPT.FRM_CODE
    where XTLB = #{xtlb,jdbcType=CHAR}
      and DMLB = #{dmlb,jdbcType=VARCHAR}
      and DMZ = #{dmz,jdbcType=VARCHAR}
  </select>
  <delete id="deleteByPrimaryKey" parameterType="com.rabbit.smart.dao.entity.FrmCodeKey" >
    <!--
      WARNING - @mbggenerated
      This element is automatically generated by MyBatis Generator, do not modify.
    -->
    delete from WWJCPT.FRM_CODE
    where XTLB = #{xtlb,jdbcType=CHAR}
      and DMLB = #{dmlb,jdbcType=VARCHAR}
      and DMZ = #{dmz,jdbcType=VARCHAR}
  </delete>
  <delete id="deleteByExample" parameterType="com.rabbit.smart.dao.entity.FrmCodeExample" >
    <!--
      WARNING - @mbggenerated
      This element is automatically generated by MyBatis Generator, do not modify.
    -->
    delete from WWJCPT.FRM_CODE
    <if test="_parameter != null" >
      <include refid="Example_Where_Clause" />
    </if>
  </delete>
  <insert id="insert" parameterType="com.rabbit.smart.dao.entity.FrmCode" >
    <!--
      WARNING - @mbggenerated
      This element is automatically generated by MyBatis Generator, do not modify.
    -->
    insert into WWJCPT.FRM_CODE (XTLB, DMLB, DMZ, 
      DMSM1, DMSM2, DMSM3, 
      DMSM4, DMSX, SXH, YWDX, 
      ZT, LBSM)
    values (#{xtlb,jdbcType=CHAR}, #{dmlb,jdbcType=VARCHAR}, #{dmz,jdbcType=VARCHAR}, 
      #{dmsm1,jdbcType=VARCHAR}, #{dmsm2,jdbcType=VARCHAR}, #{dmsm3,jdbcType=VARCHAR}, 
      #{dmsm4,jdbcType=VARCHAR}, #{dmsx,jdbcType=CHAR}, #{sxh,jdbcType=DECIMAL}, #{ywdx,jdbcType=VARCHAR}, 
      #{zt,jdbcType=CHAR}, #{lbsm,jdbcType=VARCHAR})
  </insert>
  <insert id="insertSelective" parameterType="com.rabbit.smart.dao.entity.FrmCode" >
    <!--
      WARNING - @mbggenerated
      This element is automatically generated by MyBatis Generator, do not modify.
    -->
    insert into WWJCPT.FRM_CODE
    <trim prefix="(" suffix=")" suffixOverrides="," >
      <if test="xtlb != null" >
        XTLB,
      </if>
      <if test="dmlb != null" >
        DMLB,
      </if>
      <if test="dmz != null" >
        DMZ,
      </if>
      <if test="dmsm1 != null" >
        DMSM1,
      </if>
      <if test="dmsm2 != null" >
        DMSM2,
      </if>
      <if test="dmsm3 != null" >
        DMSM3,
      </if>
      <if test="dmsm4 != null" >
        DMSM4,
      </if>
      <if test="dmsx != null" >
        DMSX,
      </if>
      <if test="sxh != null" >
        SXH,
      </if>
      <if test="ywdx != null" >
        YWDX,
      </if>
      <if test="zt != null" >
        ZT,
      </if>
      <if test="lbsm != null" >
        LBSM,
      </if>
    </trim>
    <trim prefix="values (" suffix=")" suffixOverrides="," >
      <if test="xtlb != null" >
        #{xtlb,jdbcType=CHAR},
      </if>
      <if test="dmlb != null" >
        #{dmlb,jdbcType=VARCHAR},
      </if>
      <if test="dmz != null" >
        #{dmz,jdbcType=VARCHAR},
      </if>
      <if test="dmsm1 != null" >
        #{dmsm1,jdbcType=VARCHAR},
      </if>
      <if test="dmsm2 != null" >
        #{dmsm2,jdbcType=VARCHAR},
      </if>
      <if test="dmsm3 != null" >
        #{dmsm3,jdbcType=VARCHAR},
      </if>
      <if test="dmsm4 != null" >
        #{dmsm4,jdbcType=VARCHAR},
      </if>
      <if test="dmsx != null" >
        #{dmsx,jdbcType=CHAR},
      </if>
      <if test="sxh != null" >
        #{sxh,jdbcType=DECIMAL},
      </if>
      <if test="ywdx != null" >
        #{ywdx,jdbcType=VARCHAR},
      </if>
      <if test="zt != null" >
        #{zt,jdbcType=CHAR},
      </if>
      <if test="lbsm != null" >
        #{lbsm,jdbcType=VARCHAR},
      </if>
    </trim>
  </insert>
  <select id="countByExample" parameterType="com.rabbit.smart.dao.entity.FrmCodeExample" resultType="java.lang.Integer" >
    <!--
      WARNING - @mbggenerated
      This element is automatically generated by MyBatis Generator, do not modify.
    -->
    select count(*) from WWJCPT.FRM_CODE
    <if test="_parameter != null" >
      <include refid="Example_Where_Clause" />
    </if>
  </select>
  <update id="updateByExampleSelective" parameterType="map" >
    <!--
      WARNING - @mbggenerated
      This element is automatically generated by MyBatis Generator, do not modify.
    -->
    update WWJCPT.FRM_CODE
    <set >
      <if test="record.xtlb != null" >
        XTLB = #{record.xtlb,jdbcType=CHAR},
      </if>
      <if test="record.dmlb != null" >
        DMLB = #{record.dmlb,jdbcType=VARCHAR},
      </if>
      <if test="record.dmz != null" >
        DMZ = #{record.dmz,jdbcType=VARCHAR},
      </if>
      <if test="record.dmsm1 != null" >
        DMSM1 = #{record.dmsm1,jdbcType=VARCHAR},
      </if>
      <if test="record.dmsm2 != null" >
        DMSM2 = #{record.dmsm2,jdbcType=VARCHAR},
      </if>
      <if test="record.dmsm3 != null" >
        DMSM3 = #{record.dmsm3,jdbcType=VARCHAR},
      </if>
      <if test="record.dmsm4 != null" >
        DMSM4 = #{record.dmsm4,jdbcType=VARCHAR},
      </if>
      <if test="record.dmsx != null" >
        DMSX = #{record.dmsx,jdbcType=CHAR},
      </if>
      <if test="record.sxh != null" >
        SXH = #{record.sxh,jdbcType=DECIMAL},
      </if>
      <if test="record.ywdx != null" >
        YWDX = #{record.ywdx,jdbcType=VARCHAR},
      </if>
      <if test="record.zt != null" >
        ZT = #{record.zt,jdbcType=CHAR},
      </if>
      <if test="record.lbsm != null" >
        LBSM = #{record.lbsm,jdbcType=VARCHAR},
      </if>
    </set>
    <if test="_parameter != null" >
      <include refid="Update_By_Example_Where_Clause" />
    </if>
  </update>
  <update id="updateByExample" parameterType="map" >
    <!--
      WARNING - @mbggenerated
      This element is automatically generated by MyBatis Generator, do not modify.
    -->
    update WWJCPT.FRM_CODE
    set XTLB = #{record.xtlb,jdbcType=CHAR},
      DMLB = #{record.dmlb,jdbcType=VARCHAR},
      DMZ = #{record.dmz,jdbcType=VARCHAR},
      DMSM1 = #{record.dmsm1,jdbcType=VARCHAR},
      DMSM2 = #{record.dmsm2,jdbcType=VARCHAR},
      DMSM3 = #{record.dmsm3,jdbcType=VARCHAR},
      DMSM4 = #{record.dmsm4,jdbcType=VARCHAR},
      DMSX = #{record.dmsx,jdbcType=CHAR},
      SXH = #{record.sxh,jdbcType=DECIMAL},
      YWDX = #{record.ywdx,jdbcType=VARCHAR},
      ZT = #{record.zt,jdbcType=CHAR},
      LBSM = #{record.lbsm,jdbcType=VARCHAR}
    <if test="_parameter != null" >
      <include refid="Update_By_Example_Where_Clause" />
    </if>
  </update>
  <update id="updateByPrimaryKeySelective" parameterType="com.rabbit.smart.dao.entity.FrmCode" >
    <!--
      WARNING - @mbggenerated
      This element is automatically generated by MyBatis Generator, do not modify.
    -->
    update WWJCPT.FRM_CODE
    <set >
      <if test="dmsm1 != null" >
        DMSM1 = #{dmsm1,jdbcType=VARCHAR},
      </if>
      <if test="dmsm2 != null" >
        DMSM2 = #{dmsm2,jdbcType=VARCHAR},
      </if>
      <if test="dmsm3 != null" >
        DMSM3 = #{dmsm3,jdbcType=VARCHAR},
      </if>
      <if test="dmsm4 != null" >
        DMSM4 = #{dmsm4,jdbcType=VARCHAR},
      </if>
      <if test="dmsx != null" >
        DMSX = #{dmsx,jdbcType=CHAR},
      </if>
      <if test="sxh != null" >
        SXH = #{sxh,jdbcType=DECIMAL},
      </if>
      <if test="ywdx != null" >
        YWDX = #{ywdx,jdbcType=VARCHAR},
      </if>
      <if test="zt != null" >
        ZT = #{zt,jdbcType=CHAR},
      </if>
      <if test="lbsm != null" >
        LBSM = #{lbsm,jdbcType=VARCHAR},
      </if>
    </set>
    where XTLB = #{xtlb,jdbcType=CHAR}
      and DMLB = #{dmlb,jdbcType=VARCHAR}
      and DMZ = #{dmz,jdbcType=VARCHAR}
  </update>
  <update id="updateByPrimaryKey" parameterType="com.rabbit.smart.dao.entity.FrmCode" >
    <!--
      WARNING - @mbggenerated
      This element is automatically generated by MyBatis Generator, do not modify.
    -->
    update WWJCPT.FRM_CODE
    set DMSM1 = #{dmsm1,jdbcType=VARCHAR},
      DMSM2 = #{dmsm2,jdbcType=VARCHAR},
      DMSM3 = #{dmsm3,jdbcType=VARCHAR},
      DMSM4 = #{dmsm4,jdbcType=VARCHAR},
      DMSX = #{dmsx,jdbcType=CHAR},
      SXH = #{sxh,jdbcType=DECIMAL},
      YWDX = #{ywdx,jdbcType=VARCHAR},
      ZT = #{zt,jdbcType=CHAR},
      LBSM = #{lbsm,jdbcType=VARCHAR}
    where XTLB = #{xtlb,jdbcType=CHAR}
      and DMLB = #{dmlb,jdbcType=VARCHAR}
      and DMZ = #{dmz,jdbcType=VARCHAR}
  </update>
</mapper>