<?xml version="1.0" encoding="UTF-8" ?>
<!DOCTYPE mapper PUBLIC "-//mybatis.org//DTD Mapper 3.0//EN" "http://mybatis.org/dtd/mybatis-3-mapper.dtd" >
<mapper namespace="com.rabbit.smart.dao.mapper.FrmDepartmentMapper" >
  <resultMap id="BaseResultMap" type="com.rabbit.smart.dao.entity.FrmDepartment" >
    <!--
      WARNING - @mbggenerated
      This element is automatically generated by MyBatis Generator, do not modify.
    -->
    <result column="GLBM" property="glbm" jdbcType="VARCHAR" />
    <result column="BMMC" property="bmmc" jdbcType="VARCHAR" />
    <result column="BMQC" property="bmqc" jdbcType="VARCHAR" />
    <result column="YZMC" property="yzmc" jdbcType="VARCHAR" />
    <result column="FZJG" property="fzjg" jdbcType="VARCHAR" />
    <result column="BMJB" property="bmjb" jdbcType="CHAR" />
    <result column="FZR" property="fzr" jdbcType="VARCHAR" />
    <result column="LXR" property="lxr" jdbcType="VARCHAR" />
    <result column="LXDH" property="lxdh" jdbcType="VARCHAR" />
    <result column="CZHM" property="czhm" jdbcType="VARCHAR" />
    <result column="LXDZ" property="lxdz" jdbcType="VARCHAR" />
    <result column="SJBM" property="sjbm" jdbcType="VARCHAR" />
    <result column="BZ" property="bz" jdbcType="VARCHAR" />
    <result column="JZJB" property="jzjb" jdbcType="VARCHAR" />
    <result column="GLTZ" property="gltz" jdbcType="CHAR" />
    <result column="JFLY" property="jfly" jdbcType="CHAR" />
    <result column="YFLY" property="yfly" jdbcType="CHAR" />
    <result column="JLZT" property="jlzt" jdbcType="CHAR" />
    <result column="JRGAW" property="jrgaw" jdbcType="CHAR" />
    <result column="LSGX" property="lsgx" jdbcType="CHAR" />
    <result column="JZPTGLBM" property="jzptglbm" jdbcType="VARCHAR" />
    <result column="CSBJ" property="csbj" jdbcType="VARCHAR" />
    <result column="BJCSBJ" property="bjcsbj" jdbcType="CHAR" />
  </resultMap>
  <sql id="Example_Where_Clause" >
    <!--
      WARNING - @mbggenerated
      This element is automatically generated by MyBatis Generator, do not modify.
    -->
    <where >
      <foreach collection="oredCriteria" item="criteria" separator="or" >
        <if test="criteria.valid" >
          <trim prefix="(" suffix=")" prefixOverrides="and" >
            <foreach collection="criteria.criteria" item="criterion" >
              <choose >
                <when test="criterion.noValue" >
                  and ${criterion.condition}
                </when>
                <when test="criterion.singleValue" >
                  and ${criterion.condition} #{criterion.value}
                </when>
                <when test="criterion.betweenValue" >
                  and ${criterion.condition} #{criterion.value} and #{criterion.secondValue}
                </when>
                <when test="criterion.listValue" >
                  and ${criterion.condition}
                  <foreach collection="criterion.value" item="listItem" open="(" close=")" separator="," >
                    #{listItem}
                  </foreach>
                </when>
              </choose>
            </foreach>
          </trim>
        </if>
      </foreach>
    </where>
  </sql>
  <sql id="Update_By_Example_Where_Clause" >
    <!--
      WARNING - @mbggenerated
      This element is automatically generated by MyBatis Generator, do not modify.
    -->
    <where >
      <foreach collection="example.oredCriteria" item="criteria" separator="or" >
        <if test="criteria.valid" >
          <trim prefix="(" suffix=")" prefixOverrides="and" >
            <foreach collection="criteria.criteria" item="criterion" >
              <choose >
                <when test="criterion.noValue" >
                  and ${criterion.condition}
                </when>
                <when test="criterion.singleValue" >
                  and ${criterion.condition} #{criterion.value}
                </when>
                <when test="criterion.betweenValue" >
                  and ${criterion.condition} #{criterion.value} and #{criterion.secondValue}
                </when>
                <when test="criterion.listValue" >
                  and ${criterion.condition}
                  <foreach collection="criterion.value" item="listItem" open="(" close=")" separator="," >
                    #{listItem}
                  </foreach>
                </when>
              </choose>
            </foreach>
          </trim>
        </if>
      </foreach>
    </where>
  </sql>
  <sql id="Base_Column_List" >
    <!--
      WARNING - @mbggenerated
      This element is automatically generated by MyBatis Generator, do not modify.
    -->
    GLBM, BMMC, BMQC, YZMC, FZJG, BMJB, FZR, LXR, LXDH, CZHM, LXDZ, SJBM, BZ, JZJB, GLTZ, 
    JFLY, YFLY, JLZT, JRGAW, LSGX, JZPTGLBM, CSBJ, BJCSBJ
  </sql>
  <select id="selectByExample" resultMap="BaseResultMap" parameterType="com.rabbit.smart.dao.entity.FrmDepartmentExample" >
    <!--
      WARNING - @mbggenerated
      This element is automatically generated by MyBatis Generator, do not modify.
    -->
    select
    <if test="distinct" >
      distinct
    </if>
    <include refid="Base_Column_List" />
    from WWJCPT.FRM_DEPARTMENT
    <if test="_parameter != null" >
      <include refid="Example_Where_Clause" />
    </if>
    <if test="orderByClause != null" >
      order by ${orderByClause}
    </if>
  </select>
  <delete id="deleteByExample" parameterType="com.rabbit.smart.dao.entity.FrmDepartmentExample" >
    <!--
      WARNING - @mbggenerated
      This element is automatically generated by MyBatis Generator, do not modify.
    -->
    delete from WWJCPT.FRM_DEPARTMENT
    <if test="_parameter != null" >
      <include refid="Example_Where_Clause" />
    </if>
  </delete>
  <insert id="insert" parameterType="com.rabbit.smart.dao.entity.FrmDepartment" >
    <!--
      WARNING - @mbggenerated
      This element is automatically generated by MyBatis Generator, do not modify.
    -->
    insert into WWJCPT.FRM_DEPARTMENT (GLBM, BMMC, BMQC, 
      YZMC, FZJG, BMJB, FZR, 
      LXR, LXDH, CZHM, LXDZ, 
      SJBM, BZ, JZJB, GLTZ, 
      JFLY, YFLY, JLZT, JRGAW, 
      LSGX, JZPTGLBM, CSBJ, 
      BJCSBJ)
    values (#{glbm,jdbcType=VARCHAR}, #{bmmc,jdbcType=VARCHAR}, #{bmqc,jdbcType=VARCHAR}, 
      #{yzmc,jdbcType=VARCHAR}, #{fzjg,jdbcType=VARCHAR}, #{bmjb,jdbcType=CHAR}, #{fzr,jdbcType=VARCHAR}, 
      #{lxr,jdbcType=VARCHAR}, #{lxdh,jdbcType=VARCHAR}, #{czhm,jdbcType=VARCHAR}, #{lxdz,jdbcType=VARCHAR}, 
      #{sjbm,jdbcType=VARCHAR}, #{bz,jdbcType=VARCHAR}, #{jzjb,jdbcType=VARCHAR}, #{gltz,jdbcType=CHAR}, 
      #{jfly,jdbcType=CHAR}, #{yfly,jdbcType=CHAR}, #{jlzt,jdbcType=CHAR}, #{jrgaw,jdbcType=CHAR}, 
      #{lsgx,jdbcType=CHAR}, #{jzptglbm,jdbcType=VARCHAR}, #{csbj,jdbcType=VARCHAR}, 
      #{bjcsbj,jdbcType=CHAR})
  </insert>
  <insert id="insertSelective" parameterType="com.rabbit.smart.dao.entity.FrmDepartment" >
    <!--
      WARNING - @mbggenerated
      This element is automatically generated by MyBatis Generator, do not modify.
    -->
    insert into WWJCPT.FRM_DEPARTMENT
    <trim prefix="(" suffix=")" suffixOverrides="," >
      <if test="glbm != null" >
        GLBM,
      </if>
      <if test="bmmc != null" >
        BMMC,
      </if>
      <if test="bmqc != null" >
        BMQC,
      </if>
      <if test="yzmc != null" >
        YZMC,
      </if>
      <if test="fzjg != null" >
        FZJG,
      </if>
      <if test="bmjb != null" >
        BMJB,
      </if>
      <if test="fzr != null" >
        FZR,
      </if>
      <if test="lxr != null" >
        LXR,
      </if>
      <if test="lxdh != null" >
        LXDH,
      </if>
      <if test="czhm != null" >
        CZHM,
      </if>
      <if test="lxdz != null" >
        LXDZ,
      </if>
      <if test="sjbm != null" >
        SJBM,
      </if>
      <if test="bz != null" >
        BZ,
      </if>
      <if test="jzjb != null" >
        JZJB,
      </if>
      <if test="gltz != null" >
        GLTZ,
      </if>
      <if test="jfly != null" >
        JFLY,
      </if>
      <if test="yfly != null" >
        YFLY,
      </if>
      <if test="jlzt != null" >
        JLZT,
      </if>
      <if test="jrgaw != null" >
        JRGAW,
      </if>
      <if test="lsgx != null" >
        LSGX,
      </if>
      <if test="jzptglbm != null" >
        JZPTGLBM,
      </if>
      <if test="csbj != null" >
        CSBJ,
      </if>
      <if test="bjcsbj != null" >
        BJCSBJ,
      </if>
    </trim>
    <trim prefix="values (" suffix=")" suffixOverrides="," >
      <if test="glbm != null" >
        #{glbm,jdbcType=VARCHAR},
      </if>
      <if test="bmmc != null" >
        #{bmmc,jdbcType=VARCHAR},
      </if>
      <if test="bmqc != null" >
        #{bmqc,jdbcType=VARCHAR},
      </if>
      <if test="yzmc != null" >
        #{yzmc,jdbcType=VARCHAR},
      </if>
      <if test="fzjg != null" >
        #{fzjg,jdbcType=VARCHAR},
      </if>
      <if test="bmjb != null" >
        #{bmjb,jdbcType=CHAR},
      </if>
      <if test="fzr != null" >
        #{fzr,jdbcType=VARCHAR},
      </if>
      <if test="lxr != null" >
        #{lxr,jdbcType=VARCHAR},
      </if>
      <if test="lxdh != null" >
        #{lxdh,jdbcType=VARCHAR},
      </if>
      <if test="czhm != null" >
        #{czhm,jdbcType=VARCHAR},
      </if>
      <if test="lxdz != null" >
        #{lxdz,jdbcType=VARCHAR},
      </if>
      <if test="sjbm != null" >
        #{sjbm,jdbcType=VARCHAR},
      </if>
      <if test="bz != null" >
        #{bz,jdbcType=VARCHAR},
      </if>
      <if test="jzjb != null" >
        #{jzjb,jdbcType=VARCHAR},
      </if>
      <if test="gltz != null" >
        #{gltz,jdbcType=CHAR},
      </if>
      <if test="jfly != null" >
        #{jfly,jdbcType=CHAR},
      </if>
      <if test="yfly != null" >
        #{yfly,jdbcType=CHAR},
      </if>
      <if test="jlzt != null" >
        #{jlzt,jdbcType=CHAR},
      </if>
      <if test="jrgaw != null" >
        #{jrgaw,jdbcType=CHAR},
      </if>
      <if test="lsgx != null" >
        #{lsgx,jdbcType=CHAR},
      </if>
      <if test="jzptglbm != null" >
        #{jzptglbm,jdbcType=VARCHAR},
      </if>
      <if test="csbj != null" >
        #{csbj,jdbcType=VARCHAR},
      </if>
      <if test="bjcsbj != null" >
        #{bjcsbj,jdbcType=CHAR},
      </if>
    </trim>
  </insert>
  <select id="countByExample" parameterType="com.rabbit.smart.dao.entity.FrmDepartmentExample" resultType="java.lang.Integer" >
    <!--
      WARNING - @mbggenerated
      This element is automatically generated by MyBatis Generator, do not modify.
    -->
    select count(*) from WWJCPT.FRM_DEPARTMENT
    <if test="_parameter != null" >
      <include refid="Example_Where_Clause" />
    </if>
  </select>
  <update id="updateByExampleSelective" parameterType="map" >
    <!--
      WARNING - @mbggenerated
      This element is automatically generated by MyBatis Generator, do not modify.
    -->
    update WWJCPT.FRM_DEPARTMENT
    <set >
      <if test="record.glbm != null" >
        GLBM = #{record.glbm,jdbcType=VARCHAR},
      </if>
      <if test="record.bmmc != null" >
        BMMC = #{record.bmmc,jdbcType=VARCHAR},
      </if>
      <if test="record.bmqc != null" >
        BMQC = #{record.bmqc,jdbcType=VARCHAR},
      </if>
      <if test="record.yzmc != null" >
        YZMC = #{record.yzmc,jdbcType=VARCHAR},
      </if>
      <if test="record.fzjg != null" >
        FZJG = #{record.fzjg,jdbcType=VARCHAR},
      </if>
      <if test="record.bmjb != null" >
        BMJB = #{record.bmjb,jdbcType=CHAR},
      </if>
      <if test="record.fzr != null" >
        FZR = #{record.fzr,jdbcType=VARCHAR},
      </if>
      <if test="record.lxr != null" >
        LXR = #{record.lxr,jdbcType=VARCHAR},
      </if>
      <if test="record.lxdh != null" >
        LXDH = #{record.lxdh,jdbcType=VARCHAR},
      </if>
      <if test="record.czhm != null" >
        CZHM = #{record.czhm,jdbcType=VARCHAR},
      </if>
      <if test="record.lxdz != null" >
        LXDZ = #{record.lxdz,jdbcType=VARCHAR},
      </if>
      <if test="record.sjbm != null" >
        SJBM = #{record.sjbm,jdbcType=VARCHAR},
      </if>
      <if test="record.bz != null" >
        BZ = #{record.bz,jdbcType=VARCHAR},
      </if>
      <if test="record.jzjb != null" >
        JZJB = #{record.jzjb,jdbcType=VARCHAR},
      </if>
      <if test="record.gltz != null" >
        GLTZ = #{record.gltz,jdbcType=CHAR},
      </if>
      <if test="record.jfly != null" >
        JFLY = #{record.jfly,jdbcType=CHAR},
      </if>
      <if test="record.yfly != null" >
        YFLY = #{record.yfly,jdbcType=CHAR},
      </if>
      <if test="record.jlzt != null" >
        JLZT = #{record.jlzt,jdbcType=CHAR},
      </if>
      <if test="record.jrgaw != null" >
        JRGAW = #{record.jrgaw,jdbcType=CHAR},
      </if>
      <if test="record.lsgx != null" >
        LSGX = #{record.lsgx,jdbcType=CHAR},
      </if>
      <if test="record.jzptglbm != null" >
        JZPTGLBM = #{record.jzptglbm,jdbcType=VARCHAR},
      </if>
      <if test="record.csbj != null" >
        CSBJ = #{record.csbj,jdbcType=VARCHAR},
      </if>
      <if test="record.bjcsbj != null" >
        BJCSBJ = #{record.bjcsbj,jdbcType=CHAR},
      </if>
    </set>
    <if test="_parameter != null" >
      <include refid="Update_By_Example_Where_Clause" />
    </if>
  </update>
  <update id="updateByExample" parameterType="map" >
    <!--
      WARNING - @mbggenerated
      This element is automatically generated by MyBatis Generator, do not modify.
    -->
    update WWJCPT.FRM_DEPARTMENT
    set GLBM = #{record.glbm,jdbcType=VARCHAR},
      BMMC = #{record.bmmc,jdbcType=VARCHAR},
      BMQC = #{record.bmqc,jdbcType=VARCHAR},
      YZMC = #{record.yzmc,jdbcType=VARCHAR},
      FZJG = #{record.fzjg,jdbcType=VARCHAR},
      BMJB = #{record.bmjb,jdbcType=CHAR},
      FZR = #{record.fzr,jdbcType=VARCHAR},
      LXR = #{record.lxr,jdbcType=VARCHAR},
      LXDH = #{record.lxdh,jdbcType=VARCHAR},
      CZHM = #{record.czhm,jdbcType=VARCHAR},
      LXDZ = #{record.lxdz,jdbcType=VARCHAR},
      SJBM = #{record.sjbm,jdbcType=VARCHAR},
      BZ = #{record.bz,jdbcType=VARCHAR},
      JZJB = #{record.jzjb,jdbcType=VARCHAR},
      GLTZ = #{record.gltz,jdbcType=CHAR},
      JFLY = #{record.jfly,jdbcType=CHAR},
      YFLY = #{record.yfly,jdbcType=CHAR},
      JLZT = #{record.jlzt,jdbcType=CHAR},
      JRGAW = #{record.jrgaw,jdbcType=CHAR},
      LSGX = #{record.lsgx,jdbcType=CHAR},
      JZPTGLBM = #{record.jzptglbm,jdbcType=VARCHAR},
      CSBJ = #{record.csbj,jdbcType=VARCHAR},
      BJCSBJ = #{record.bjcsbj,jdbcType=CHAR}
    <if test="_parameter != null" >
      <include refid="Update_By_Example_Where_Clause" />
    </if>
  </update>
</mapper>