<?xml version="1.0" encoding="UTF-8" ?>
<!DOCTYPE mapper PUBLIC "-//mybatis.org//DTD Mapper 3.0//EN" "http://mybatis.org/dtd/mybatis-3-mapper.dtd" >
<mapper namespace="com.rabbit.smart.dao.mapper.SysMenuMapper" >
  <resultMap id="BaseResultMap" type="com.rabbit.smart.dao.entity.SysMenu" >
    <!--
      WARNING - @mbggenerated
      This element is automatically generated by MyBatis Generator, do not modify.
    -->
    <id column="MID" property="mid" jdbcType="VARCHAR" />
    <result column="MNAME" property="mname" jdbcType="VARCHAR" />
    <result column="PARENTID" property="parentid" jdbcType="VARCHAR" />
    <result column="ICON" property="icon" jdbcType="VARCHAR" />
    <result column="URL" property="url" jdbcType="VARCHAR" />
    <result column="OPENTYPE" property="opentype" jdbcType="CHAR" />
    <result column="CDPX" property="cdpx" jdbcType="DECIMAL" />
  </resultMap>
  <sql id="Example_Where_Clause" >
    <!--
      WARNING - @mbggenerated
      This element is automatically generated by MyBatis Generator, do not modify.
    -->
    <where >
      <foreach collection="oredCriteria" item="criteria" separator="or" >
        <if test="criteria.valid" >
          <trim prefix="(" suffix=")" prefixOverrides="and" >
            <foreach collection="criteria.criteria" item="criterion" >
              <choose >
                <when test="criterion.noValue" >
                  and ${criterion.condition}
                </when>
                <when test="criterion.singleValue" >
                  and ${criterion.condition} #{criterion.value}
                </when>
                <when test="criterion.betweenValue" >
                  and ${criterion.condition} #{criterion.value} and #{criterion.secondValue}
                </when>
                <when test="criterion.listValue" >
                  and ${criterion.condition}
                  <foreach collection="criterion.value" item="listItem" open="(" close=")" separator="," >
                    #{listItem}
                  </foreach>
                </when>
              </choose>
            </foreach>
          </trim>
        </if>
      </foreach>
    </where>
  </sql>
  <sql id="Update_By_Example_Where_Clause" >
    <!--
      WARNING - @mbggenerated
      This element is automatically generated by MyBatis Generator, do not modify.
    -->
    <where >
      <foreach collection="example.oredCriteria" item="criteria" separator="or" >
        <if test="criteria.valid" >
          <trim prefix="(" suffix=")" prefixOverrides="and" >
            <foreach collection="criteria.criteria" item="criterion" >
              <choose >
                <when test="criterion.noValue" >
                  and ${criterion.condition}
                </when>
                <when test="criterion.singleValue" >
                  and ${criterion.condition} #{criterion.value}
                </when>
                <when test="criterion.betweenValue" >
                  and ${criterion.condition} #{criterion.value} and #{criterion.secondValue}
                </when>
                <when test="criterion.listValue" >
                  and ${criterion.condition}
                  <foreach collection="criterion.value" item="listItem" open="(" close=")" separator="," >
                    #{listItem}
                  </foreach>
                </when>
              </choose>
            </foreach>
          </trim>
        </if>
      </foreach>
    </where>
  </sql>
  <sql id="Base_Column_List" >
    <!--
      WARNING - @mbggenerated
      This element is automatically generated by MyBatis Generator, do not modify.
    -->
    MID, MNAME, PARENTID, ICON, URL, OPENTYPE, CDPX
  </sql>
  <select id="selectByExample" resultMap="BaseResultMap" parameterType="com.rabbit.smart.dao.entity.SysMenuExample" >
    <!--
      WARNING - @mbggenerated
      This element is automatically generated by MyBatis Generator, do not modify.
    -->
    select
    <if test="distinct" >
      distinct
    </if>
    <include refid="Base_Column_List" />
    from WWJCPT.SYS_MENU
    <if test="_parameter != null" >
      <include refid="Example_Where_Clause" />
    </if>
    <if test="orderByClause != null" >
      order by ${orderByClause}
    </if>
  </select>
  <select id="selectByPrimaryKey" resultMap="BaseResultMap" parameterType="java.lang.String" >
    <!--
      WARNING - @mbggenerated
      This element is automatically generated by MyBatis Generator, do not modify.
    -->
    select 
    <include refid="Base_Column_List" />
    from WWJCPT.SYS_MENU
    where MID = #{mid,jdbcType=VARCHAR}
  </select>
  <delete id="deleteByPrimaryKey" parameterType="java.lang.String" >
    <!--
      WARNING - @mbggenerated
      This element is automatically generated by MyBatis Generator, do not modify.
    -->
    delete from WWJCPT.SYS_MENU
    where MID = #{mid,jdbcType=VARCHAR}
  </delete>
  <delete id="deleteByExample" parameterType="com.rabbit.smart.dao.entity.SysMenuExample" >
    <!--
      WARNING - @mbggenerated
      This element is automatically generated by MyBatis Generator, do not modify.
    -->
    delete from WWJCPT.SYS_MENU
    <if test="_parameter != null" >
      <include refid="Example_Where_Clause" />
    </if>
  </delete>
  <insert id="insert" parameterType="com.rabbit.smart.dao.entity.SysMenu" >
    <!--
      WARNING - @mbggenerated
      This element is automatically generated by MyBatis Generator, do not modify.
    -->
    insert into WWJCPT.SYS_MENU (MID, MNAME, PARENTID, 
      ICON, URL, OPENTYPE, CDPX
      )
    values (#{mid,jdbcType=VARCHAR}, #{mname,jdbcType=VARCHAR}, #{parentid,jdbcType=VARCHAR}, 
      #{icon,jdbcType=VARCHAR}, #{url,jdbcType=VARCHAR}, #{opentype,jdbcType=CHAR}, #{cdpx,jdbcType=DECIMAL}
      )
  </insert>
  <insert id="insertSelective" parameterType="com.rabbit.smart.dao.entity.SysMenu" >
    <!--
      WARNING - @mbggenerated
      This element is automatically generated by MyBatis Generator, do not modify.
    -->
    insert into WWJCPT.SYS_MENU
    <trim prefix="(" suffix=")" suffixOverrides="," >
      <if test="mid != null" >
        MID,
      </if>
      <if test="mname != null" >
        MNAME,
      </if>
      <if test="parentid != null" >
        PARENTID,
      </if>
      <if test="icon != null" >
        ICON,
      </if>
      <if test="url != null" >
        URL,
      </if>
      <if test="opentype != null" >
        OPENTYPE,
      </if>
      <if test="cdpx != null" >
        CDPX,
      </if>
    </trim>
    <trim prefix="values (" suffix=")" suffixOverrides="," >
      <if test="mid != null" >
        #{mid,jdbcType=VARCHAR},
      </if>
      <if test="mname != null" >
        #{mname,jdbcType=VARCHAR},
      </if>
      <if test="parentid != null" >
        #{parentid,jdbcType=VARCHAR},
      </if>
      <if test="icon != null" >
        #{icon,jdbcType=VARCHAR},
      </if>
      <if test="url != null" >
        #{url,jdbcType=VARCHAR},
      </if>
      <if test="opentype != null" >
        #{opentype,jdbcType=CHAR},
      </if>
      <if test="cdpx != null" >
        #{cdpx,jdbcType=DECIMAL},
      </if>
    </trim>
  </insert>
  <select id="countByExample" parameterType="com.rabbit.smart.dao.entity.SysMenuExample" resultType="java.lang.Integer" >
    <!--
      WARNING - @mbggenerated
      This element is automatically generated by MyBatis Generator, do not modify.
    -->
    select count(*) from WWJCPT.SYS_MENU
    <if test="_parameter != null" >
      <include refid="Example_Where_Clause" />
    </if>
  </select>
  <update id="updateByExampleSelective" parameterType="map" >
    <!--
      WARNING - @mbggenerated
      This element is automatically generated by MyBatis Generator, do not modify.
    -->
    update WWJCPT.SYS_MENU
    <set >
      <if test="record.mid != null" >
        MID = #{record.mid,jdbcType=VARCHAR},
      </if>
      <if test="record.mname != null" >
        MNAME = #{record.mname,jdbcType=VARCHAR},
      </if>
      <if test="record.parentid != null" >
        PARENTID = #{record.parentid,jdbcType=VARCHAR},
      </if>
      <if test="record.icon != null" >
        ICON = #{record.icon,jdbcType=VARCHAR},
      </if>
      <if test="record.url != null" >
        URL = #{record.url,jdbcType=VARCHAR},
      </if>
      <if test="record.opentype != null" >
        OPENTYPE = #{record.opentype,jdbcType=CHAR},
      </if>
      <if test="record.cdpx != null" >
        CDPX = #{record.cdpx,jdbcType=DECIMAL},
      </if>
    </set>
    <if test="_parameter != null" >
      <include refid="Update_By_Example_Where_Clause" />
    </if>
  </update>
  <update id="updateByExample" parameterType="map" >
    <!--
      WARNING - @mbggenerated
      This element is automatically generated by MyBatis Generator, do not modify.
    -->
    update WWJCPT.SYS_MENU
    set MID = #{record.mid,jdbcType=VARCHAR},
      MNAME = #{record.mname,jdbcType=VARCHAR},
      PARENTID = #{record.parentid,jdbcType=VARCHAR},
      ICON = #{record.icon,jdbcType=VARCHAR},
      URL = #{record.url,jdbcType=VARCHAR},
      OPENTYPE = #{record.opentype,jdbcType=CHAR},
      CDPX = #{record.cdpx,jdbcType=DECIMAL}
    <if test="_parameter != null" >
      <include refid="Update_By_Example_Where_Clause" />
    </if>
  </update>
  <update id="updateByPrimaryKeySelective" parameterType="com.rabbit.smart.dao.entity.SysMenu" >
    <!--
      WARNING - @mbggenerated
      This element is automatically generated by MyBatis Generator, do not modify.
    -->
    update WWJCPT.SYS_MENU
    <set >
      <if test="mname != null" >
        MNAME = #{mname,jdbcType=VARCHAR},
      </if>
      <if test="parentid != null" >
        PARENTID = #{parentid,jdbcType=VARCHAR},
      </if>
      <if test="icon != null" >
        ICON = #{icon,jdbcType=VARCHAR},
      </if>
      <if test="url != null" >
        URL = #{url,jdbcType=VARCHAR},
      </if>
      <if test="opentype != null" >
        OPENTYPE = #{opentype,jdbcType=CHAR},
      </if>
      <if test="cdpx != null" >
        CDPX = #{cdpx,jdbcType=DECIMAL},
      </if>
    </set>
    where MID = #{mid,jdbcType=VARCHAR}
  </update>
  <update id="updateByPrimaryKey" parameterType="com.rabbit.smart.dao.entity.SysMenu" >
    <!--
      WARNING - @mbggenerated
      This element is automatically generated by MyBatis Generator, do not modify.
    -->
    update WWJCPT.SYS_MENU
    set MNAME = #{mname,jdbcType=VARCHAR},
      PARENTID = #{parentid,jdbcType=VARCHAR},
      ICON = #{icon,jdbcType=VARCHAR},
      URL = #{url,jdbcType=VARCHAR},
      OPENTYPE = #{opentype,jdbcType=CHAR},
      CDPX = #{cdpx,jdbcType=DECIMAL}
    where MID = #{mid,jdbcType=VARCHAR}
  </update>
</mapper>