<?xml version="1.0" encoding="UTF-8" ?>
<!DOCTYPE mapper PUBLIC "-//mybatis.org//DTD Mapper 3.0//EN" "http://mybatis.org/dtd/mybatis-3-mapper.dtd" >
<mapper namespace="com.rabbit.smart.dao.mapper.SysRoleMapper" >
  <resultMap id="BaseResultMap" type="com.rabbit.smart.dao.entity.SysRole" >
    <!--
      WARNING - @mbggenerated
      This element is automatically generated by MyBatis Generator, do not modify.
    -->
    <id column="RID" property="rid" jdbcType="VARCHAR" />
    <result column="RNAME" property="rname" jdbcType="VARCHAR" />
    <result column="CJR" property="cjr" jdbcType="VARCHAR" />
    <result column="CJSJ" property="cjsj" jdbcType="TIMESTAMP" />
    <result column="IPKS" property="ipks" jdbcType="VARCHAR" />
    <result column="IPJS" property="ipjs" jdbcType="VARCHAR" />
    <result column="JSYXQ" property="jsyxq" jdbcType="TIMESTAMP" />
    <result column="SHQX" property="shqx" jdbcType="VARCHAR" />
  </resultMap>
  <sql id="Example_Where_Clause" >
    <!--
      WARNING - @mbggenerated
      This element is automatically generated by MyBatis Generator, do not modify.
    -->
    <where >
      <foreach collection="oredCriteria" item="criteria" separator="or" >
        <if test="criteria.valid" >
          <trim prefix="(" suffix=")" prefixOverrides="and" >
            <foreach collection="criteria.criteria" item="criterion" >
              <choose >
                <when test="criterion.noValue" >
                  and ${criterion.condition}
                </when>
                <when test="criterion.singleValue" >
                  and ${criterion.condition} #{criterion.value}
                </when>
                <when test="criterion.betweenValue" >
                  and ${criterion.condition} #{criterion.value} and #{criterion.secondValue}
                </when>
                <when test="criterion.listValue" >
                  and ${criterion.condition}
                  <foreach collection="criterion.value" item="listItem" open="(" close=")" separator="," >
                    #{listItem}
                  </foreach>
                </when>
              </choose>
            </foreach>
          </trim>
        </if>
      </foreach>
    </where>
  </sql>
  <sql id="Update_By_Example_Where_Clause" >
    <!--
      WARNING - @mbggenerated
      This element is automatically generated by MyBatis Generator, do not modify.
    -->
    <where >
      <foreach collection="example.oredCriteria" item="criteria" separator="or" >
        <if test="criteria.valid" >
          <trim prefix="(" suffix=")" prefixOverrides="and" >
            <foreach collection="criteria.criteria" item="criterion" >
              <choose >
                <when test="criterion.noValue" >
                  and ${criterion.condition}
                </when>
                <when test="criterion.singleValue" >
                  and ${criterion.condition} #{criterion.value}
                </when>
                <when test="criterion.betweenValue" >
                  and ${criterion.condition} #{criterion.value} and #{criterion.secondValue}
                </when>
                <when test="criterion.listValue" >
                  and ${criterion.condition}
                  <foreach collection="criterion.value" item="listItem" open="(" close=")" separator="," >
                    #{listItem}
                  </foreach>
                </when>
              </choose>
            </foreach>
          </trim>
        </if>
      </foreach>
    </where>
  </sql>
  <sql id="Base_Column_List" >
    <!--
      WARNING - @mbggenerated
      This element is automatically generated by MyBatis Generator, do not modify.
    -->
    RID, RNAME, CJR, CJSJ, IPKS, IPJS, JSYXQ, SHQX
  </sql>
  <select id="selectByExample" resultMap="BaseResultMap" parameterType="com.rabbit.smart.dao.entity.SysRoleExample" >
    <!--
      WARNING - @mbggenerated
      This element is automatically generated by MyBatis Generator, do not modify.
    -->
    select
    <if test="distinct" >
      distinct
    </if>
    <include refid="Base_Column_List" />
    from WWJCPT.SYS_ROLE
    <if test="_parameter != null" >
      <include refid="Example_Where_Clause" />
    </if>
    <if test="orderByClause != null" >
      order by ${orderByClause}
    </if>
  </select>
  <select id="selectByPrimaryKey" resultMap="BaseResultMap" parameterType="java.lang.String" >
    <!--
      WARNING - @mbggenerated
      This element is automatically generated by MyBatis Generator, do not modify.
    -->
    select 
    <include refid="Base_Column_List" />
    from WWJCPT.SYS_ROLE
    where RID = #{rid,jdbcType=VARCHAR}
  </select>
  <delete id="deleteByPrimaryKey" parameterType="java.lang.String" >
    <!--
      WARNING - @mbggenerated
      This element is automatically generated by MyBatis Generator, do not modify.
    -->
    delete from WWJCPT.SYS_ROLE
    where RID = #{rid,jdbcType=VARCHAR}
  </delete>
  <delete id="deleteByExample" parameterType="com.rabbit.smart.dao.entity.SysRoleExample" >
    <!--
      WARNING - @mbggenerated
      This element is automatically generated by MyBatis Generator, do not modify.
    -->
    delete from WWJCPT.SYS_ROLE
    <if test="_parameter != null" >
      <include refid="Example_Where_Clause" />
    </if>
  </delete>
  <insert id="insert" parameterType="com.rabbit.smart.dao.entity.SysRole" >
    <!--
      WARNING - @mbggenerated
      This element is automatically generated by MyBatis Generator, do not modify.
    -->
    insert into WWJCPT.SYS_ROLE (RID, RNAME, CJR, 
      CJSJ, IPKS, IPJS, 
      JSYXQ, SHQX)
    values (#{rid,jdbcType=VARCHAR}, #{rname,jdbcType=VARCHAR}, #{cjr,jdbcType=VARCHAR}, 
      #{cjsj,jdbcType=TIMESTAMP}, #{ipks,jdbcType=VARCHAR}, #{ipjs,jdbcType=VARCHAR}, 
      #{jsyxq,jdbcType=TIMESTAMP}, #{shqx,jdbcType=VARCHAR})
  </insert>
  <insert id="insertSelective" parameterType="com.rabbit.smart.dao.entity.SysRole" >
    <!--
      WARNING - @mbggenerated
      This element is automatically generated by MyBatis Generator, do not modify.
    -->
    insert into WWJCPT.SYS_ROLE
    <trim prefix="(" suffix=")" suffixOverrides="," >
      <if test="rid != null" >
        RID,
      </if>
      <if test="rname != null" >
        RNAME,
      </if>
      <if test="cjr != null" >
        CJR,
      </if>
      <if test="cjsj != null" >
        CJSJ,
      </if>
      <if test="ipks != null" >
        IPKS,
      </if>
      <if test="ipjs != null" >
        IPJS,
      </if>
      <if test="jsyxq != null" >
        JSYXQ,
      </if>
      <if test="shqx != null" >
        SHQX,
      </if>
    </trim>
    <trim prefix="values (" suffix=")" suffixOverrides="," >
      <if test="rid != null" >
        #{rid,jdbcType=VARCHAR},
      </if>
      <if test="rname != null" >
        #{rname,jdbcType=VARCHAR},
      </if>
      <if test="cjr != null" >
        #{cjr,jdbcType=VARCHAR},
      </if>
      <if test="cjsj != null" >
        #{cjsj,jdbcType=TIMESTAMP},
      </if>
      <if test="ipks != null" >
        #{ipks,jdbcType=VARCHAR},
      </if>
      <if test="ipjs != null" >
        #{ipjs,jdbcType=VARCHAR},
      </if>
      <if test="jsyxq != null" >
        #{jsyxq,jdbcType=TIMESTAMP},
      </if>
      <if test="shqx != null" >
        #{shqx,jdbcType=VARCHAR},
      </if>
    </trim>
  </insert>
  <select id="countByExample" parameterType="com.rabbit.smart.dao.entity.SysRoleExample" resultType="java.lang.Integer" >
    <!--
      WARNING - @mbggenerated
      This element is automatically generated by MyBatis Generator, do not modify.
    -->
    select count(*) from WWJCPT.SYS_ROLE
    <if test="_parameter != null" >
      <include refid="Example_Where_Clause" />
    </if>
  </select>
  <update id="updateByExampleSelective" parameterType="map" >
    <!--
      WARNING - @mbggenerated
      This element is automatically generated by MyBatis Generator, do not modify.
    -->
    update WWJCPT.SYS_ROLE
    <set >
      <if test="record.rid != null" >
        RID = #{record.rid,jdbcType=VARCHAR},
      </if>
      <if test="record.rname != null" >
        RNAME = #{record.rname,jdbcType=VARCHAR},
      </if>
      <if test="record.cjr != null" >
        CJR = #{record.cjr,jdbcType=VARCHAR},
      </if>
      <if test="record.cjsj != null" >
        CJSJ = #{record.cjsj,jdbcType=TIMESTAMP},
      </if>
      <if test="record.ipks != null" >
        IPKS = #{record.ipks,jdbcType=VARCHAR},
      </if>
      <if test="record.ipjs != null" >
        IPJS = #{record.ipjs,jdbcType=VARCHAR},
      </if>
      <if test="record.jsyxq != null" >
        JSYXQ = #{record.jsyxq,jdbcType=TIMESTAMP},
      </if>
      <if test="record.shqx != null" >
        SHQX = #{record.shqx,jdbcType=VARCHAR},
      </if>
    </set>
    <if test="_parameter != null" >
      <include refid="Update_By_Example_Where_Clause" />
    </if>
  </update>
  <update id="updateByExample" parameterType="map" >
    <!--
      WARNING - @mbggenerated
      This element is automatically generated by MyBatis Generator, do not modify.
    -->
    update WWJCPT.SYS_ROLE
    set RID = #{record.rid,jdbcType=VARCHAR},
      RNAME = #{record.rname,jdbcType=VARCHAR},
      CJR = #{record.cjr,jdbcType=VARCHAR},
      CJSJ = #{record.cjsj,jdbcType=TIMESTAMP},
      IPKS = #{record.ipks,jdbcType=VARCHAR},
      IPJS = #{record.ipjs,jdbcType=VARCHAR},
      JSYXQ = #{record.jsyxq,jdbcType=TIMESTAMP},
      SHQX = #{record.shqx,jdbcType=VARCHAR}
    <if test="_parameter != null" >
      <include refid="Update_By_Example_Where_Clause" />
    </if>
  </update>
  <update id="updateByPrimaryKeySelective" parameterType="com.rabbit.smart.dao.entity.SysRole" >
    <!--
      WARNING - @mbggenerated
      This element is automatically generated by MyBatis Generator, do not modify.
    -->
    update WWJCPT.SYS_ROLE
    <set >
      <if test="rname != null" >
        RNAME = #{rname,jdbcType=VARCHAR},
      </if>
      <if test="cjr != null" >
        CJR = #{cjr,jdbcType=VARCHAR},
      </if>
      <if test="cjsj != null" >
        CJSJ = #{cjsj,jdbcType=TIMESTAMP},
      </if>
      <if test="ipks != null" >
        IPKS = #{ipks,jdbcType=VARCHAR},
      </if>
      <if test="ipjs != null" >
        IPJS = #{ipjs,jdbcType=VARCHAR},
      </if>
      <if test="jsyxq != null" >
        JSYXQ = #{jsyxq,jdbcType=TIMESTAMP},
      </if>
      <if test="shqx != null" >
        SHQX = #{shqx,jdbcType=VARCHAR},
      </if>
    </set>
    where RID = #{rid,jdbcType=VARCHAR}
  </update>
  <update id="updateByPrimaryKey" parameterType="com.rabbit.smart.dao.entity.SysRole" >
    <!--
      WARNING - @mbggenerated
      This element is automatically generated by MyBatis Generator, do not modify.
    -->
    update WWJCPT.SYS_ROLE
    set RNAME = #{rname,jdbcType=VARCHAR},
      CJR = #{cjr,jdbcType=VARCHAR},
      CJSJ = #{cjsj,jdbcType=TIMESTAMP},
      IPKS = #{ipks,jdbcType=VARCHAR},
      IPJS = #{ipjs,jdbcType=VARCHAR},
      JSYXQ = #{jsyxq,jdbcType=TIMESTAMP},
      SHQX = #{shqx,jdbcType=VARCHAR}
    where RID = #{rid,jdbcType=VARCHAR}
  </update>
</mapper>