<?xml version="1.0" encoding="UTF-8" ?>
<!DOCTYPE mapper PUBLIC "-//mybatis.org//DTD Mapper 3.0//EN" "http://mybatis.org/dtd/mybatis-3-mapper.dtd" >
<mapper namespace="com.rabbit.smart.dao.mapper.SysUserMapper" >
  <resultMap id="BaseResultMap" type="com.rabbit.smart.dao.entity.SysUser" >
    <!--
      WARNING - @mbggenerated
      This element is automatically generated by MyBatis Generator, do not modify.
    -->
    <id column="YHDH" property="yhdh" jdbcType="VARCHAR" />
    <result column="XM" property="xm" jdbcType="VARCHAR" />
    <result column="MM" property="mm" jdbcType="VARCHAR" />
    <result column="GLBM" property="glbm" jdbcType="VARCHAR" />
    <result column="SFZMHM" property="sfzmhm" jdbcType="VARCHAR" />
    <result column="IPKS" property="ipks" jdbcType="VARCHAR" />
    <result column="IPJS" property="ipjs" jdbcType="VARCHAR" />
    <result column="ZHYXQ" property="zhyxq" jdbcType="TIMESTAMP" />
    <result column="MMYXQ" property="mmyxq" jdbcType="TIMESTAMP" />
    <result column="ZT" property="zt" jdbcType="VARCHAR" />
    <result column="ZP" property="zp" jdbcType="VARCHAR" />
    <result column="CJSJ" property="cjsj" jdbcType="TIMESTAMP" />
    <result column="SCDLSJ" property="scdlsj" jdbcType="TIMESTAMP" />
    <result column="SCDLIP" property="scdlip" jdbcType="VARCHAR" />
    <result column="CJR" property="cjr" jdbcType="VARCHAR" />
    <result column="RID" property="rid" jdbcType="VARCHAR" />
    <result column="THEME" property="theme" jdbcType="VARCHAR" />
    <result column="GZDD" property="gzdd" jdbcType="VARCHAR" />
    <result column="MAP" property="map" jdbcType="VARCHAR" />
    <result column="SYEVENT" property="syevent" jdbcType="VARCHAR" />
    <result column="CJTEVENT" property="cjtevent" jdbcType="VARCHAR" />
  </resultMap>
  <sql id="Example_Where_Clause" >
    <!--
      WARNING - @mbggenerated
      This element is automatically generated by MyBatis Generator, do not modify.
    -->
    <where >
      <foreach collection="oredCriteria" item="criteria" separator="or" >
        <if test="criteria.valid" >
          <trim prefix="(" suffix=")" prefixOverrides="and" >
            <foreach collection="criteria.criteria" item="criterion" >
              <choose >
                <when test="criterion.noValue" >
                  and ${criterion.condition}
                </when>
                <when test="criterion.singleValue" >
                  and ${criterion.condition} #{criterion.value}
                </when>
                <when test="criterion.betweenValue" >
                  and ${criterion.condition} #{criterion.value} and #{criterion.secondValue}
                </when>
                <when test="criterion.listValue" >
                  and ${criterion.condition}
                  <foreach collection="criterion.value" item="listItem" open="(" close=")" separator="," >
                    #{listItem}
                  </foreach>
                </when>
              </choose>
            </foreach>
          </trim>
        </if>
      </foreach>
    </where>
  </sql>
  <sql id="Update_By_Example_Where_Clause" >
    <!--
      WARNING - @mbggenerated
      This element is automatically generated by MyBatis Generator, do not modify.
    -->
    <where >
      <foreach collection="example.oredCriteria" item="criteria" separator="or" >
        <if test="criteria.valid" >
          <trim prefix="(" suffix=")" prefixOverrides="and" >
            <foreach collection="criteria.criteria" item="criterion" >
              <choose >
                <when test="criterion.noValue" >
                  and ${criterion.condition}
                </when>
                <when test="criterion.singleValue" >
                  and ${criterion.condition} #{criterion.value}
                </when>
                <when test="criterion.betweenValue" >
                  and ${criterion.condition} #{criterion.value} and #{criterion.secondValue}
                </when>
                <when test="criterion.listValue" >
                  and ${criterion.condition}
                  <foreach collection="criterion.value" item="listItem" open="(" close=")" separator="," >
                    #{listItem}
                  </foreach>
                </when>
              </choose>
            </foreach>
          </trim>
        </if>
      </foreach>
    </where>
  </sql>
  <sql id="Base_Column_List" >
    <!--
      WARNING - @mbggenerated
      This element is automatically generated by MyBatis Generator, do not modify.
    -->
    YHDH, XM, MM, GLBM, SFZMHM, IPKS, IPJS, ZHYXQ, MMYXQ, ZT, ZP, CJSJ, SCDLSJ, SCDLIP, 
    CJR, RID, THEME, GZDD, MAP, SYEVENT, CJTEVENT
  </sql>
  <select id="selectByExample" resultMap="BaseResultMap" parameterType="com.rabbit.smart.dao.entity.SysUserExample" >
    <!--
      WARNING - @mbggenerated
      This element is automatically generated by MyBatis Generator, do not modify.
    -->
    select
    <if test="distinct" >
      distinct
    </if>
    <include refid="Base_Column_List" />
    from WWJCPT.SYS_USER
    <if test="_parameter != null" >
      <include refid="Example_Where_Clause" />
    </if>
    <if test="orderByClause != null" >
      order by ${orderByClause}
    </if>
  </select>
  <select id="selectByPrimaryKey" resultMap="BaseResultMap" parameterType="java.lang.String" >
    <!--
      WARNING - @mbggenerated
      This element is automatically generated by MyBatis Generator, do not modify.
    -->
    select 
    <include refid="Base_Column_List" />
    from WWJCPT.SYS_USER
    where YHDH = #{yhdh,jdbcType=VARCHAR}
  </select>
  <delete id="deleteByPrimaryKey" parameterType="java.lang.String" >
    <!--
      WARNING - @mbggenerated
      This element is automatically generated by MyBatis Generator, do not modify.
    -->
    delete from WWJCPT.SYS_USER
    where YHDH = #{yhdh,jdbcType=VARCHAR}
  </delete>
  <delete id="deleteByExample" parameterType="com.rabbit.smart.dao.entity.SysUserExample" >
    <!--
      WARNING - @mbggenerated
      This element is automatically generated by MyBatis Generator, do not modify.
    -->
    delete from WWJCPT.SYS_USER
    <if test="_parameter != null" >
      <include refid="Example_Where_Clause" />
    </if>
  </delete>
  <insert id="insert" parameterType="com.rabbit.smart.dao.entity.SysUser" >
    <!--
      WARNING - @mbggenerated
      This element is automatically generated by MyBatis Generator, do not modify.
    -->
    insert into WWJCPT.SYS_USER (YHDH, XM, MM, 
      GLBM, SFZMHM, IPKS, 
      IPJS, ZHYXQ, MMYXQ, 
      ZT, ZP, CJSJ, SCDLSJ, 
      SCDLIP, CJR, RID, THEME, 
      GZDD, MAP, SYEVENT, 
      CJTEVENT)
    values (#{yhdh,jdbcType=VARCHAR}, #{xm,jdbcType=VARCHAR}, #{mm,jdbcType=VARCHAR}, 
      #{glbm,jdbcType=VARCHAR}, #{sfzmhm,jdbcType=VARCHAR}, #{ipks,jdbcType=VARCHAR}, 
      #{ipjs,jdbcType=VARCHAR}, #{zhyxq,jdbcType=TIMESTAMP}, #{mmyxq,jdbcType=TIMESTAMP}, 
      #{zt,jdbcType=VARCHAR}, #{zp,jdbcType=VARCHAR}, #{cjsj,jdbcType=TIMESTAMP}, #{scdlsj,jdbcType=TIMESTAMP}, 
      #{scdlip,jdbcType=VARCHAR}, #{cjr,jdbcType=VARCHAR}, #{rid,jdbcType=VARCHAR}, #{theme,jdbcType=VARCHAR}, 
      #{gzdd,jdbcType=VARCHAR}, #{map,jdbcType=VARCHAR}, #{syevent,jdbcType=VARCHAR}, 
      #{cjtevent,jdbcType=VARCHAR})
  </insert>
  <insert id="insertSelective" parameterType="com.rabbit.smart.dao.entity.SysUser" >
    <!--
      WARNING - @mbggenerated
      This element is automatically generated by MyBatis Generator, do not modify.
    -->
    insert into WWJCPT.SYS_USER
    <trim prefix="(" suffix=")" suffixOverrides="," >
      <if test="yhdh != null" >
        YHDH,
      </if>
      <if test="xm != null" >
        XM,
      </if>
      <if test="mm != null" >
        MM,
      </if>
      <if test="glbm != null" >
        GLBM,
      </if>
      <if test="sfzmhm != null" >
        SFZMHM,
      </if>
      <if test="ipks != null" >
        IPKS,
      </if>
      <if test="ipjs != null" >
        IPJS,
      </if>
      <if test="zhyxq != null" >
        ZHYXQ,
      </if>
      <if test="mmyxq != null" >
        MMYXQ,
      </if>
      <if test="zt != null" >
        ZT,
      </if>
      <if test="zp != null" >
        ZP,
      </if>
      <if test="cjsj != null" >
        CJSJ,
      </if>
      <if test="scdlsj != null" >
        SCDLSJ,
      </if>
      <if test="scdlip != null" >
        SCDLIP,
      </if>
      <if test="cjr != null" >
        CJR,
      </if>
      <if test="rid != null" >
        RID,
      </if>
      <if test="theme != null" >
        THEME,
      </if>
      <if test="gzdd != null" >
        GZDD,
      </if>
      <if test="map != null" >
        MAP,
      </if>
      <if test="syevent != null" >
        SYEVENT,
      </if>
      <if test="cjtevent != null" >
        CJTEVENT,
      </if>
    </trim>
    <trim prefix="values (" suffix=")" suffixOverrides="," >
      <if test="yhdh != null" >
        #{yhdh,jdbcType=VARCHAR},
      </if>
      <if test="xm != null" >
        #{xm,jdbcType=VARCHAR},
      </if>
      <if test="mm != null" >
        #{mm,jdbcType=VARCHAR},
      </if>
      <if test="glbm != null" >
        #{glbm,jdbcType=VARCHAR},
      </if>
      <if test="sfzmhm != null" >
        #{sfzmhm,jdbcType=VARCHAR},
      </if>
      <if test="ipks != null" >
        #{ipks,jdbcType=VARCHAR},
      </if>
      <if test="ipjs != null" >
        #{ipjs,jdbcType=VARCHAR},
      </if>
      <if test="zhyxq != null" >
        #{zhyxq,jdbcType=TIMESTAMP},
      </if>
      <if test="mmyxq != null" >
        #{mmyxq,jdbcType=TIMESTAMP},
      </if>
      <if test="zt != null" >
        #{zt,jdbcType=VARCHAR},
      </if>
      <if test="zp != null" >
        #{zp,jdbcType=VARCHAR},
      </if>
      <if test="cjsj != null" >
        #{cjsj,jdbcType=TIMESTAMP},
      </if>
      <if test="scdlsj != null" >
        #{scdlsj,jdbcType=TIMESTAMP},
      </if>
      <if test="scdlip != null" >
        #{scdlip,jdbcType=VARCHAR},
      </if>
      <if test="cjr != null" >
        #{cjr,jdbcType=VARCHAR},
      </if>
      <if test="rid != null" >
        #{rid,jdbcType=VARCHAR},
      </if>
      <if test="theme != null" >
        #{theme,jdbcType=VARCHAR},
      </if>
      <if test="gzdd != null" >
        #{gzdd,jdbcType=VARCHAR},
      </if>
      <if test="map != null" >
        #{map,jdbcType=VARCHAR},
      </if>
      <if test="syevent != null" >
        #{syevent,jdbcType=VARCHAR},
      </if>
      <if test="cjtevent != null" >
        #{cjtevent,jdbcType=VARCHAR},
      </if>
    </trim>
  </insert>
  <select id="countByExample" parameterType="com.rabbit.smart.dao.entity.SysUserExample" resultType="java.lang.Integer" >
    <!--
      WARNING - @mbggenerated
      This element is automatically generated by MyBatis Generator, do not modify.
    -->
    select count(*) from WWJCPT.SYS_USER
    <if test="_parameter != null" >
      <include refid="Example_Where_Clause" />
    </if>
  </select>
  <update id="updateByExampleSelective" parameterType="map" >
    <!--
      WARNING - @mbggenerated
      This element is automatically generated by MyBatis Generator, do not modify.
    -->
    update WWJCPT.SYS_USER
    <set >
      <if test="record.yhdh != null" >
        YHDH = #{record.yhdh,jdbcType=VARCHAR},
      </if>
      <if test="record.xm != null" >
        XM = #{record.xm,jdbcType=VARCHAR},
      </if>
      <if test="record.mm != null" >
        MM = #{record.mm,jdbcType=VARCHAR},
      </if>
      <if test="record.glbm != null" >
        GLBM = #{record.glbm,jdbcType=VARCHAR},
      </if>
      <if test="record.sfzmhm != null" >
        SFZMHM = #{record.sfzmhm,jdbcType=VARCHAR},
      </if>
      <if test="record.ipks != null" >
        IPKS = #{record.ipks,jdbcType=VARCHAR},
      </if>
      <if test="record.ipjs != null" >
        IPJS = #{record.ipjs,jdbcType=VARCHAR},
      </if>
      <if test="record.zhyxq != null" >
        ZHYXQ = #{record.zhyxq,jdbcType=TIMESTAMP},
      </if>
      <if test="record.mmyxq != null" >
        MMYXQ = #{record.mmyxq,jdbcType=TIMESTAMP},
      </if>
      <if test="record.zt != null" >
        ZT = #{record.zt,jdbcType=VARCHAR},
      </if>
      <if test="record.zp != null" >
        ZP = #{record.zp,jdbcType=VARCHAR},
      </if>
      <if test="record.cjsj != null" >
        CJSJ = #{record.cjsj,jdbcType=TIMESTAMP},
      </if>
      <if test="record.scdlsj != null" >
        SCDLSJ = #{record.scdlsj,jdbcType=TIMESTAMP},
      </if>
      <if test="record.scdlip != null" >
        SCDLIP = #{record.scdlip,jdbcType=VARCHAR},
      </if>
      <if test="record.cjr != null" >
        CJR = #{record.cjr,jdbcType=VARCHAR},
      </if>
      <if test="record.rid != null" >
        RID = #{record.rid,jdbcType=VARCHAR},
      </if>
      <if test="record.theme != null" >
        THEME = #{record.theme,jdbcType=VARCHAR},
      </if>
      <if test="record.gzdd != null" >
        GZDD = #{record.gzdd,jdbcType=VARCHAR},
      </if>
      <if test="record.map != null" >
        MAP = #{record.map,jdbcType=VARCHAR},
      </if>
      <if test="record.syevent != null" >
        SYEVENT = #{record.syevent,jdbcType=VARCHAR},
      </if>
      <if test="record.cjtevent != null" >
        CJTEVENT = #{record.cjtevent,jdbcType=VARCHAR},
      </if>
    </set>
    <if test="_parameter != null" >
      <include refid="Update_By_Example_Where_Clause" />
    </if>
  </update>
  <update id="updateByExample" parameterType="map" >
    <!--
      WARNING - @mbggenerated
      This element is automatically generated by MyBatis Generator, do not modify.
    -->
    update WWJCPT.SYS_USER
    set YHDH = #{record.yhdh,jdbcType=VARCHAR},
      XM = #{record.xm,jdbcType=VARCHAR},
      MM = #{record.mm,jdbcType=VARCHAR},
      GLBM = #{record.glbm,jdbcType=VARCHAR},
      SFZMHM = #{record.sfzmhm,jdbcType=VARCHAR},
      IPKS = #{record.ipks,jdbcType=VARCHAR},
      IPJS = #{record.ipjs,jdbcType=VARCHAR},
      ZHYXQ = #{record.zhyxq,jdbcType=TIMESTAMP},
      MMYXQ = #{record.mmyxq,jdbcType=TIMESTAMP},
      ZT = #{record.zt,jdbcType=VARCHAR},
      ZP = #{record.zp,jdbcType=VARCHAR},
      CJSJ = #{record.cjsj,jdbcType=TIMESTAMP},
      SCDLSJ = #{record.scdlsj,jdbcType=TIMESTAMP},
      SCDLIP = #{record.scdlip,jdbcType=VARCHAR},
      CJR = #{record.cjr,jdbcType=VARCHAR},
      RID = #{record.rid,jdbcType=VARCHAR},
      THEME = #{record.theme,jdbcType=VARCHAR},
      GZDD = #{record.gzdd,jdbcType=VARCHAR},
      MAP = #{record.map,jdbcType=VARCHAR},
      SYEVENT = #{record.syevent,jdbcType=VARCHAR},
      CJTEVENT = #{record.cjtevent,jdbcType=VARCHAR}
    <if test="_parameter != null" >
      <include refid="Update_By_Example_Where_Clause" />
    </if>
  </update>
  <update id="updateByPrimaryKeySelective" parameterType="com.rabbit.smart.dao.entity.SysUser" >
    <!--
      WARNING - @mbggenerated
      This element is automatically generated by MyBatis Generator, do not modify.
    -->
    update WWJCPT.SYS_USER
    <set >
      <if test="xm != null" >
        XM = #{xm,jdbcType=VARCHAR},
      </if>
      <if test="mm != null" >
        MM = #{mm,jdbcType=VARCHAR},
      </if>
      <if test="glbm != null" >
        GLBM = #{glbm,jdbcType=VARCHAR},
      </if>
      <if test="sfzmhm != null" >
        SFZMHM = #{sfzmhm,jdbcType=VARCHAR},
      </if>
      <if test="ipks != null" >
        IPKS = #{ipks,jdbcType=VARCHAR},
      </if>
      <if test="ipjs != null" >
        IPJS = #{ipjs,jdbcType=VARCHAR},
      </if>
      <if test="zhyxq != null" >
        ZHYXQ = #{zhyxq,jdbcType=TIMESTAMP},
      </if>
      <if test="mmyxq != null" >
        MMYXQ = #{mmyxq,jdbcType=TIMESTAMP},
      </if>
      <if test="zt != null" >
        ZT = #{zt,jdbcType=VARCHAR},
      </if>
      <if test="zp != null" >
        ZP = #{zp,jdbcType=VARCHAR},
      </if>
      <if test="cjsj != null" >
        CJSJ = #{cjsj,jdbcType=TIMESTAMP},
      </if>
      <if test="scdlsj != null" >
        SCDLSJ = #{scdlsj,jdbcType=TIMESTAMP},
      </if>
      <if test="scdlip != null" >
        SCDLIP = #{scdlip,jdbcType=VARCHAR},
      </if>
      <if test="cjr != null" >
        CJR = #{cjr,jdbcType=VARCHAR},
      </if>
      <if test="rid != null" >
        RID = #{rid,jdbcType=VARCHAR},
      </if>
      <if test="theme != null" >
        THEME = #{theme,jdbcType=VARCHAR},
      </if>
      <if test="gzdd != null" >
        GZDD = #{gzdd,jdbcType=VARCHAR},
      </if>
      <if test="map != null" >
        MAP = #{map,jdbcType=VARCHAR},
      </if>
      <if test="syevent != null" >
        SYEVENT = #{syevent,jdbcType=VARCHAR},
      </if>
      <if test="cjtevent != null" >
        CJTEVENT = #{cjtevent,jdbcType=VARCHAR},
      </if>
    </set>
    where YHDH = #{yhdh,jdbcType=VARCHAR}
  </update>
  <update id="updateByPrimaryKey" parameterType="com.rabbit.smart.dao.entity.SysUser" >
    <!--
      WARNING - @mbggenerated
      This element is automatically generated by MyBatis Generator, do not modify.
    -->
    update WWJCPT.SYS_USER
    set XM = #{xm,jdbcType=VARCHAR},
      MM = #{mm,jdbcType=VARCHAR},
      GLBM = #{glbm,jdbcType=VARCHAR},
      SFZMHM = #{sfzmhm,jdbcType=VARCHAR},
      IPKS = #{ipks,jdbcType=VARCHAR},
      IPJS = #{ipjs,jdbcType=VARCHAR},
      ZHYXQ = #{zhyxq,jdbcType=TIMESTAMP},
      MMYXQ = #{mmyxq,jdbcType=TIMESTAMP},
      ZT = #{zt,jdbcType=VARCHAR},
      ZP = #{zp,jdbcType=VARCHAR},
      CJSJ = #{cjsj,jdbcType=TIMESTAMP},
      SCDLSJ = #{scdlsj,jdbcType=TIMESTAMP},
      SCDLIP = #{scdlip,jdbcType=VARCHAR},
      CJR = #{cjr,jdbcType=VARCHAR},
      RID = #{rid,jdbcType=VARCHAR},
      THEME = #{theme,jdbcType=VARCHAR},
      GZDD = #{gzdd,jdbcType=VARCHAR},
      MAP = #{map,jdbcType=VARCHAR},
      SYEVENT = #{syevent,jdbcType=VARCHAR},
      CJTEVENT = #{cjtevent,jdbcType=VARCHAR}
    where YHDH = #{yhdh,jdbcType=VARCHAR}
  </update>
</mapper>