<?xml version="1.0" encoding="UTF-8" ?>
<!DOCTYPE mapper PUBLIC "-//mybatis.org//DTD Mapper 3.0//EN" "http://mybatis.org/dtd/mybatis-3-mapper.dtd" >
<mapper namespace="com.rabbit.smart.dao.mapper.SysUserLogMapper" >
  <resultMap id="BaseResultMap" type="com.rabbit.smart.dao.entity.SysUserLog" >
    <!--
      WARNING - @mbggenerated
      This element is automatically generated by MyBatis Generator, do not modify.
    -->
    <id column="LOGID" property="logid" jdbcType="VARCHAR" />
    <result column="YHDH" property="yhdh" jdbcType="VARCHAR" />
    <result column="IP" property="ip" jdbcType="VARCHAR" />
    <result column="OPTYPE" property="optype" jdbcType="VARCHAR" />
    <result column="MODELNAME" property="modelname" jdbcType="VARCHAR" />
    <result column="METHODNAME" property="methodname" jdbcType="VARCHAR" />
    <result column="METHODDESC" property="methoddesc" jdbcType="VARCHAR" />
    <result column="URL" property="url" jdbcType="VARCHAR" />
    <result column="DATETIME" property="datetime" jdbcType="TIMESTAMP" />
  </resultMap>
  <sql id="Example_Where_Clause" >
    <!--
      WARNING - @mbggenerated
      This element is automatically generated by MyBatis Generator, do not modify.
    -->
    <where >
      <foreach collection="oredCriteria" item="criteria" separator="or" >
        <if test="criteria.valid" >
          <trim prefix="(" suffix=")" prefixOverrides="and" >
            <foreach collection="criteria.criteria" item="criterion" >
              <choose >
                <when test="criterion.noValue" >
                  and ${criterion.condition}
                </when>
                <when test="criterion.singleValue" >
                  and ${criterion.condition} #{criterion.value}
                </when>
                <when test="criterion.betweenValue" >
                  and ${criterion.condition} #{criterion.value} and #{criterion.secondValue}
                </when>
                <when test="criterion.listValue" >
                  and ${criterion.condition}
                  <foreach collection="criterion.value" item="listItem" open="(" close=")" separator="," >
                    #{listItem}
                  </foreach>
                </when>
              </choose>
            </foreach>
          </trim>
        </if>
      </foreach>
    </where>
  </sql>
  <sql id="Update_By_Example_Where_Clause" >
    <!--
      WARNING - @mbggenerated
      This element is automatically generated by MyBatis Generator, do not modify.
    -->
    <where >
      <foreach collection="example.oredCriteria" item="criteria" separator="or" >
        <if test="criteria.valid" >
          <trim prefix="(" suffix=")" prefixOverrides="and" >
            <foreach collection="criteria.criteria" item="criterion" >
              <choose >
                <when test="criterion.noValue" >
                  and ${criterion.condition}
                </when>
                <when test="criterion.singleValue" >
                  and ${criterion.condition} #{criterion.value}
                </when>
                <when test="criterion.betweenValue" >
                  and ${criterion.condition} #{criterion.value} and #{criterion.secondValue}
                </when>
                <when test="criterion.listValue" >
                  and ${criterion.condition}
                  <foreach collection="criterion.value" item="listItem" open="(" close=")" separator="," >
                    #{listItem}
                  </foreach>
                </when>
              </choose>
            </foreach>
          </trim>
        </if>
      </foreach>
    </where>
  </sql>
  <sql id="Base_Column_List" >
    <!--
      WARNING - @mbggenerated
      This element is automatically generated by MyBatis Generator, do not modify.
    -->
    LOGID, YHDH, IP, OPTYPE, MODELNAME, METHODNAME, METHODDESC, URL, DATETIME
  </sql>
  <select id="selectByExample" resultMap="BaseResultMap" parameterType="com.rabbit.smart.dao.entity.SysUserLogExample" >
    <!--
      WARNING - @mbggenerated
      This element is automatically generated by MyBatis Generator, do not modify.
    -->
    select
    <if test="distinct" >
      distinct
    </if>
    <include refid="Base_Column_List" />
    from WWJCPT.SYS_USER_LOG
    <if test="_parameter != null" >
      <include refid="Example_Where_Clause" />
    </if>
    <if test="orderByClause != null" >
      order by ${orderByClause}
    </if>
  </select>
  <select id="selectByPrimaryKey" resultMap="BaseResultMap" parameterType="java.lang.String" >
    <!--
      WARNING - @mbggenerated
      This element is automatically generated by MyBatis Generator, do not modify.
    -->
    select 
    <include refid="Base_Column_List" />
    from WWJCPT.SYS_USER_LOG
    where LOGID = #{logid,jdbcType=VARCHAR}
  </select>
  <delete id="deleteByPrimaryKey" parameterType="java.lang.String" >
    <!--
      WARNING - @mbggenerated
      This element is automatically generated by MyBatis Generator, do not modify.
    -->
    delete from WWJCPT.SYS_USER_LOG
    where LOGID = #{logid,jdbcType=VARCHAR}
  </delete>
  <delete id="deleteByExample" parameterType="com.rabbit.smart.dao.entity.SysUserLogExample" >
    <!--
      WARNING - @mbggenerated
      This element is automatically generated by MyBatis Generator, do not modify.
    -->
    delete from WWJCPT.SYS_USER_LOG
    <if test="_parameter != null" >
      <include refid="Example_Where_Clause" />
    </if>
  </delete>
  <insert id="insert" parameterType="com.rabbit.smart.dao.entity.SysUserLog" >
    <!--
      WARNING - @mbggenerated
      This element is automatically generated by MyBatis Generator, do not modify.
    -->
    insert into WWJCPT.SYS_USER_LOG (LOGID, YHDH, IP, 
      OPTYPE, MODELNAME, METHODNAME, 
      METHODDESC, URL, DATETIME
      )
    values (#{logid,jdbcType=VARCHAR}, #{yhdh,jdbcType=VARCHAR}, #{ip,jdbcType=VARCHAR}, 
      #{optype,jdbcType=VARCHAR}, #{modelname,jdbcType=VARCHAR}, #{methodname,jdbcType=VARCHAR}, 
      #{methoddesc,jdbcType=VARCHAR}, #{url,jdbcType=VARCHAR}, #{datetime,jdbcType=TIMESTAMP}
      )
  </insert>
  <insert id="insertSelective" parameterType="com.rabbit.smart.dao.entity.SysUserLog" >
    <!--
      WARNING - @mbggenerated
      This element is automatically generated by MyBatis Generator, do not modify.
    -->
    insert into WWJCPT.SYS_USER_LOG
    <trim prefix="(" suffix=")" suffixOverrides="," >
      <if test="logid != null" >
        LOGID,
      </if>
      <if test="yhdh != null" >
        YHDH,
      </if>
      <if test="ip != null" >
        IP,
      </if>
      <if test="optype != null" >
        OPTYPE,
      </if>
      <if test="modelname != null" >
        MODELNAME,
      </if>
      <if test="methodname != null" >
        METHODNAME,
      </if>
      <if test="methoddesc != null" >
        METHODDESC,
      </if>
      <if test="url != null" >
        URL,
      </if>
      <if test="datetime != null" >
        DATETIME,
      </if>
    </trim>
    <trim prefix="values (" suffix=")" suffixOverrides="," >
      <if test="logid != null" >
        #{logid,jdbcType=VARCHAR},
      </if>
      <if test="yhdh != null" >
        #{yhdh,jdbcType=VARCHAR},
      </if>
      <if test="ip != null" >
        #{ip,jdbcType=VARCHAR},
      </if>
      <if test="optype != null" >
        #{optype,jdbcType=VARCHAR},
      </if>
      <if test="modelname != null" >
        #{modelname,jdbcType=VARCHAR},
      </if>
      <if test="methodname != null" >
        #{methodname,jdbcType=VARCHAR},
      </if>
      <if test="methoddesc != null" >
        #{methoddesc,jdbcType=VARCHAR},
      </if>
      <if test="url != null" >
        #{url,jdbcType=VARCHAR},
      </if>
      <if test="datetime != null" >
        #{datetime,jdbcType=TIMESTAMP},
      </if>
    </trim>
  </insert>
  <select id="countByExample" parameterType="com.rabbit.smart.dao.entity.SysUserLogExample" resultType="java.lang.Integer" >
    <!--
      WARNING - @mbggenerated
      This element is automatically generated by MyBatis Generator, do not modify.
    -->
    select count(*) from WWJCPT.SYS_USER_LOG
    <if test="_parameter != null" >
      <include refid="Example_Where_Clause" />
    </if>
  </select>
  <update id="updateByExampleSelective" parameterType="map" >
    <!--
      WARNING - @mbggenerated
      This element is automatically generated by MyBatis Generator, do not modify.
    -->
    update WWJCPT.SYS_USER_LOG
    <set >
      <if test="record.logid != null" >
        LOGID = #{record.logid,jdbcType=VARCHAR},
      </if>
      <if test="record.yhdh != null" >
        YHDH = #{record.yhdh,jdbcType=VARCHAR},
      </if>
      <if test="record.ip != null" >
        IP = #{record.ip,jdbcType=VARCHAR},
      </if>
      <if test="record.optype != null" >
        OPTYPE = #{record.optype,jdbcType=VARCHAR},
      </if>
      <if test="record.modelname != null" >
        MODELNAME = #{record.modelname,jdbcType=VARCHAR},
      </if>
      <if test="record.methodname != null" >
        METHODNAME = #{record.methodname,jdbcType=VARCHAR},
      </if>
      <if test="record.methoddesc != null" >
        METHODDESC = #{record.methoddesc,jdbcType=VARCHAR},
      </if>
      <if test="record.url != null" >
        URL = #{record.url,jdbcType=VARCHAR},
      </if>
      <if test="record.datetime != null" >
        DATETIME = #{record.datetime,jdbcType=TIMESTAMP},
      </if>
    </set>
    <if test="_parameter != null" >
      <include refid="Update_By_Example_Where_Clause" />
    </if>
  </update>
  <update id="updateByExample" parameterType="map" >
    <!--
      WARNING - @mbggenerated
      This element is automatically generated by MyBatis Generator, do not modify.
    -->
    update WWJCPT.SYS_USER_LOG
    set LOGID = #{record.logid,jdbcType=VARCHAR},
      YHDH = #{record.yhdh,jdbcType=VARCHAR},
      IP = #{record.ip,jdbcType=VARCHAR},
      OPTYPE = #{record.optype,jdbcType=VARCHAR},
      MODELNAME = #{record.modelname,jdbcType=VARCHAR},
      METHODNAME = #{record.methodname,jdbcType=VARCHAR},
      METHODDESC = #{record.methoddesc,jdbcType=VARCHAR},
      URL = #{record.url,jdbcType=VARCHAR},
      DATETIME = #{record.datetime,jdbcType=TIMESTAMP}
    <if test="_parameter != null" >
      <include refid="Update_By_Example_Where_Clause" />
    </if>
  </update>
  <update id="updateByPrimaryKeySelective" parameterType="com.rabbit.smart.dao.entity.SysUserLog" >
    <!--
      WARNING - @mbggenerated
      This element is automatically generated by MyBatis Generator, do not modify.
    -->
    update WWJCPT.SYS_USER_LOG
    <set >
      <if test="yhdh != null" >
        YHDH = #{yhdh,jdbcType=VARCHAR},
      </if>
      <if test="ip != null" >
        IP = #{ip,jdbcType=VARCHAR},
      </if>
      <if test="optype != null" >
        OPTYPE = #{optype,jdbcType=VARCHAR},
      </if>
      <if test="modelname != null" >
        MODELNAME = #{modelname,jdbcType=VARCHAR},
      </if>
      <if test="methodname != null" >
        METHODNAME = #{methodname,jdbcType=VARCHAR},
      </if>
      <if test="methoddesc != null" >
        METHODDESC = #{methoddesc,jdbcType=VARCHAR},
      </if>
      <if test="url != null" >
        URL = #{url,jdbcType=VARCHAR},
      </if>
      <if test="datetime != null" >
        DATETIME = #{datetime,jdbcType=TIMESTAMP},
      </if>
    </set>
    where LOGID = #{logid,jdbcType=VARCHAR}
  </update>
  <update id="updateByPrimaryKey" parameterType="com.rabbit.smart.dao.entity.SysUserLog" >
    <!--
      WARNING - @mbggenerated
      This element is automatically generated by MyBatis Generator, do not modify.
    -->
    update WWJCPT.SYS_USER_LOG
    set YHDH = #{yhdh,jdbcType=VARCHAR},
      IP = #{ip,jdbcType=VARCHAR},
      OPTYPE = #{optype,jdbcType=VARCHAR},
      MODELNAME = #{modelname,jdbcType=VARCHAR},
      METHODNAME = #{methodname,jdbcType=VARCHAR},
      METHODDESC = #{methoddesc,jdbcType=VARCHAR},
      URL = #{url,jdbcType=VARCHAR},
      DATETIME = #{datetime,jdbcType=TIMESTAMP}
    where LOGID = #{logid,jdbcType=VARCHAR}
  </update>
</mapper>